{
  "project_info": {
    "project_number": "158785175452",
    "project_id": "themeapp-2f4ae",
    "storage_bucket": "themeapp-2f4ae.appspot.com"
  },
  "client": [
    {
      "client_info": {
        "mobilesdk_app_id": "1:158785175452:android:941d7e7742d39761f69259",
        "android_client_info": {
          "package_name": "com.example.themeapp"
        }
      },
      "oauth_client": [],
      "api_key": [
        {
          "current_key": "AIzaSyAKl3x4iZ59fi-EwR97L8VrCQLWFHVhZuA"
        }
      ],
      "services": {
        "appinvite_service": {
          "other_platform_oauth_client": []
        }
      }
    }
  ],
  "configuration_version": "1"
}